City_ID,City,Country,Date,Lat,Lng,Max Temp,Humidity,Cloudiness,Wind Speed
0,Saint Anthony,US,2022-04-17 02:12:48,45.0205,-93.218,36.54,44,0,8.05
1,Castro,BR,2022-04-17 02:12:48,-24.7911,-50.0119,49.57,96,0,5.3
2,Thompson,CA,2022-04-17 02:12:48,55.7435,-97.8558,17.31,91,100,2.77
3,Longyearbyen,SJ,2022-04-17 02:11:52,78.2186,15.6401,21.04,68,75,0.0
4,Kitgum,UG,2022-04-17 02:12:49,3.2783,32.8867,62.78,96,51,1.66
5,Hermanus,ZA,2022-04-17 02:12:49,-34.4187,19.2345,56.8,82,5,13.42
6,Vila Velha,BR,2022-04-17 02:12:50,-20.3297,-40.2925,75.15,80,0,11.5
7,Weligama,LK,2022-04-17 02:09:19,5.9667,80.4167,81.73,80,81,3.85
8,Bluff,NZ,2022-04-17 02:12:50,-46.6,168.3333,53.8,57,93,8.01
9,Matara,LK,2022-04-17 02:12:50,5.9485,80.5353,81.39,82,80,3.89
10,Lima,PE,2022-04-17 02:12:06,-12.0432,-77.0282,63.39,30,0,13.8
11,Provideniya,RU,2022-04-17 02:12:51,64.3833,-173.3,32.63,95,99,11.18
12,Beloha,MG,2022-04-17 02:12:51,-25.1667,45.05,72.05,93,57,7.05
13,Georgetown,MY,2022-04-17 02:09:27,5.4112,100.3354,85.95,74,20,1.14
14,Bengkulu,ID,2022-04-17 02:12:51,-3.8004,102.2655,83.46,70,89,2.75
15,Zhuhai,CN,2022-04-17 02:12:52,22.2769,113.5678,69.58,78,40,10.36
16,Punta Arenas,CL,2022-04-17 02:12:52,-53.15,-70.9167,46.51,81,40,14.97
17,Mar Del Plata,AR,2022-04-17 02:10:37,-38.0023,-57.5575,62.1,88,91,7.0
18,Baruun-Urt,MN,2022-04-17 02:12:52,46.6806,113.2792,46.56,34,19,12.46
19,Talnakh,RU,2022-04-17 02:12:53,69.4865,88.3972,13.89,94,100,15.75
20,Rikitea,PF,2022-04-17 02:09:32,-23.1203,-134.9692,78.82,68,32,12.93
21,Ushuaia,AR,2022-04-17 02:12:53,-54.8,-68.3,37.06,81,0,5.75
22,Dingle,PH,2022-04-17 02:12:53,10.9995,122.6711,84.9,69,100,8.5
23,Srednekolymsk,RU,2022-04-17 02:12:54,67.45,153.6833,18.63,86,100,7.0
24,Rovaniemi,FI,2022-04-17 02:12:54,66.5,25.7167,29.61,93,0,6.91
25,Atlantic City,US,2022-04-17 02:12:54,39.3643,-74.4229,58.03,88,100,17.27
26,Bathsheba,BB,2022-04-17 02:12:55,13.2167,-59.5167,79.41,73,20,24.16
27,Tura,IN,2022-04-17 02:12:55,25.5198,90.2201,76.64,79,3,5.86
28,Busselton,AU,2022-04-17 02:12:55,-33.65,115.3333,63.77,47,52,10.69
29,Kahului,US,2022-04-17 02:12:56,20.8947,-156.47,78.82,53,100,4.61
30,Tuktoyaktuk,CA,2022-04-17 02:12:56,69.4541,-133.0374,3.83,86,61,5.84
31,Koslan,RU,2022-04-17 02:12:56,63.4564,48.8989,22.01,92,14,5.44
32,Rosetta,EG,2022-04-17 02:12:56,31.4044,30.4164,63.18,59,7,14.32
33,Vaini,TO,2022-04-17 02:12:57,-21.2,-175.2,84.36,79,75,5.75
34,Olafsvik,IS,2022-04-17 02:12:57,64.8945,-23.7142,43.95,96,93,12.26
35,Cristalina,BR,2022-04-17 02:09:23,-16.7686,-47.6136,62.78,78,26,3.6
36,Urengoy,RU,2022-04-17 02:12:57,65.9667,78.3667,13.78,92,100,15.84
37,Svetlaya,RU,2022-04-17 02:12:15,46.5389,138.3297,44.53,51,1,10.4
38,Umm Lajj,SA,2022-04-17 02:12:58,25.0213,37.2685,79.18,40,0,9.4
39,Saskylakh,RU,2022-04-17 02:12:58,71.9167,114.0833,18.72,92,100,18.99
40,Taozhuang,CN,2022-04-17 02:12:58,34.85,117.3333,61.97,29,100,7.4
41,Cidreira,BR,2022-04-17 02:12:59,-30.1811,-50.2056,66.34,75,99,6.89
42,Tasiilaq,GL,2022-04-17 02:11:50,65.6145,-37.6368,33.96,97,100,7.65
43,Yerbogachen,RU,2022-04-17 02:12:59,61.2767,108.0108,39.36,96,100,11.01
44,Pisco,PE,2022-04-17 02:12:59,-13.7,-76.2167,66.02,82,0,10.36
45,Jamestown,US,2022-04-17 02:10:46,42.097,-79.2353,37.02,63,75,8.05
46,Lumeje,AO,2022-04-17 02:14:00,-11.55,20.7833,63.16,98,100,3.87
47,Cape Town,ZA,2022-04-17 02:14:00,-33.9258,18.4232,60.12,72,2,1.99
48,Akyab,MM,2022-04-17 02:14:00,20.15,92.9,84.13,73,18,0.18
49,Albany,US,2022-04-17 02:14:01,42.6001,-73.9662,39.63,92,97,4.07
50,Vardo,NO,2022-04-17 02:14:01,70.3705,31.1107,38.26,83,100,29.17
51,Trairi,BR,2022-04-17 02:14:01,-3.2778,-39.2689,77.16,85,74,3.4
52,Hobart,AU,2022-04-17 02:09:22,-42.8794,147.3294,76.23,61,0,18.41
53,Saint-Francois,FR,2022-04-17 02:10:36,46.4154,3.9054,47.68,66,0,5.75
54,Hithadhoo,MV,2022-04-17 02:14:02,-0.6,73.0833,83.41,63,97,6.62
55,Suez,EG,2022-04-17 02:11:35,29.9737,32.5263,69.66,16,0,0.72
56,Mataura,NZ,2022-04-17 02:14:02,-46.1927,168.8643,53.47,48,99,4.25
57,Butaritari,KI,2022-04-17 02:14:02,3.0707,172.7902,81.91,76,37,12.06
58,Araouane,ML,2022-04-17 02:14:03,18.9048,-3.5265,72.54,18,0,11.01
59,Yellowknife,CA,2022-04-17 02:14:03,62.456,-114.3525,8.4,83,100,7.05
60,Avarua,CK,2022-04-17 02:14:03,-21.2078,-159.775,84.25,74,75,12.66
61,Alofi,NU,2022-04-17 02:14:04,-19.0595,-169.9187,81.79,73,63,9.42
62,Fukue,JP,2022-04-17 02:14:04,32.6881,128.8419,60.31,52,0,4.05
63,Manaus,BR,2022-04-17 02:14:02,-3.1019,-60.025,77.5,94,0,3.44
64,Torbay,CA,2022-04-17 02:13:08,47.6666,-52.7314,45.57,67,100,7.0
65,Saint-Georges,GD,2022-04-17 02:09:08,12.0564,-61.7485,80.28,78,40,24.16
66,Sitka,US,2022-04-17 02:14:05,57.0531,-135.33,46.29,53,0,4.61
67,Hami,CN,2022-04-17 02:14:05,42.8,93.45,57.61,19,0,8.79
68,Maniwaki,CA,2022-04-17 02:09:47,46.3834,-75.966,31.62,63,99,3.04
69,Port Augusta,AU,2022-04-17 02:14:05,-32.5,137.7667,82.35,25,100,15.32
70,Yinchuan,CN,2022-04-17 02:14:06,38.4681,106.2731,53.51,24,93,12.37
71,Bethel,US,2022-04-17 02:14:06,41.3712,-73.414,45.75,89,100,8.05
72,Ribeira Grande,PT,2022-04-17 02:09:28,38.5167,-28.7,59.61,78,1,18.48
73,Fortuna,US,2022-04-17 02:14:06,40.5982,-124.1573,50.67,70,0,8.05
74,Dikson,RU,2022-04-17 02:14:07,73.5069,80.5464,6.53,94,100,14.54
75,Clyde River,CA,2022-04-17 02:14:07,70.4692,-68.5914,-9.17,84,100,6.91
76,Padang,ID,2022-04-17 02:13:15,-0.9492,100.3543,86.05,68,30,1.5
77,Svetlyy,RU,2022-04-17 02:14:07,54.675,20.1347,37.96,89,99,5.99
78,Mackenzie,CA,2022-04-17 02:14:08,55.2999,-123.1698,34.81,68,99,3.18
79,Ixtapa,MX,2022-04-17 02:14:08,20.7,-105.2,78.22,73,20,3.44
80,Pevek,RU,2022-04-17 02:14:08,69.7008,170.3133,7.65,89,100,6.44
81,Iqaluit,CA,2022-04-17 02:14:09,63.7506,-68.5145,9.7,84,100,4.0
82,Koumac,NC,2022-04-17 02:14:09,-20.5667,164.2833,80.42,61,0,7.36
83,Kaitangata,NZ,2022-04-17 02:14:09,-46.2817,169.8464,55.67,57,80,10.29
84,Shieli,KZ,2022-04-17 02:14:10,44.1667,66.75,58.66,60,100,14.61
85,Rocha,UY,2022-04-17 02:14:10,-34.4833,-54.3333,53.83,91,0,1.79
86,Sembe,CG,2022-04-17 02:14:10,1.6481,14.5806,71.56,96,64,0.72
87,Kamina,CD,2022-04-17 02:14:11,-8.7386,24.9906,63.63,97,100,1.63
88,Santa Catalina,PH,2022-04-17 02:14:11,9.3337,122.8637,85.53,66,84,0.85
89,Le Vauclin,MQ,2022-04-17 02:14:11,14.5452,-60.8388,78.85,73,40,14.97
90,Qaanaaq,GL,2022-04-17 02:14:11,77.484,-69.3632,-19.86,73,8,7.36
91,Baracoa,CU,2022-04-17 02:14:12,20.3467,-74.4958,72.57,81,100,2.55
92,New Norfolk,AU,2022-04-17 02:09:23,-42.7826,147.0587,75.88,36,100,10.22
93,Ejido,VE,2022-04-17 02:15:12,8.5514,-71.2375,68.85,90,100,4.59
94,Cherskiy,RU,2022-04-17 02:15:13,68.75,161.3,22.78,87,100,12.68
95,Port Alfred,ZA,2022-04-17 02:15:13,-33.5906,26.891,58.17,93,100,9.35
96,Puerto Ayora,EC,2022-04-17 02:15:13,-0.7393,-90.3518,75.4,91,79,5.32
97,Geraldton,AU,2022-04-17 02:15:14,-28.7667,114.6,68.41,68,100,16.11
98,Valparaiso,CL,2022-04-17 02:15:14,-33.0393,-71.6273,57.47,73,0,0.0
99,Kavieng,PG,2022-04-17 02:10:41,-2.5744,150.7967,84.51,71,31,8.75
100,Wladyslawowo,PL,2022-04-17 02:15:14,54.7909,18.4009,35.94,69,100,4.14
101,Nelson Bay,AU,2022-04-17 02:15:15,-32.7167,152.15,73.45,66,9,3.94
102,Avera,US,2022-04-17 02:15:15,33.194,-82.5271,63.91,93,100,0.98
103,Mount Gambier,AU,2022-04-17 02:13:05,-37.8333,140.7667,73.31,38,75,17.27
104,Lavrentiya,RU,2022-04-17 02:15:15,65.5833,-171.0,31.1,95,100,10.38
105,Adre,TD,2022-04-17 02:15:16,13.4667,22.2,82.58,32,86,8.14
106,Quesnel,CA,2022-04-17 02:15:00,52.9999,-122.5029,41.52,44,89,4.99
107,Dingli,MT,2022-04-17 02:15:16,35.8614,14.3822,55.81,82,20,10.36
108,Catemaco,MX,2022-04-17 02:15:16,18.4167,-95.1167,75.87,72,8,6.46
109,Okakarara,NA,2022-04-17 02:15:17,-20.5833,17.4333,61.29,47,9,3.53
110,Trinidad,BO,2022-04-17 02:15:17,-14.8333,-64.9,70.09,76,15,5.77
111,Lebu,CL,2022-04-17 02:15:17,-37.6167,-73.65,52.97,93,45,10.98
112,Grand Baie,MU,2022-04-17 02:15:18,-20.0182,57.5802,77.47,86,66,5.99
113,Victoria,HK,2022-04-17 02:12:53,22.2855,114.1577,72.25,77,99,11.01
114,Atuona,PF,2022-04-17 02:15:18,-9.8,-139.0333,78.84,80,84,17.09
115,Klyuchi,RU,2022-04-17 02:15:18,52.2667,79.1667,52.72,34,100,6.58
116,Severo-Kurilsk,RU,2022-04-17 02:15:19,50.6789,156.125,32.86,78,100,11.1
117,Gold Coast,AU,2022-04-17 02:12:00,-28.0,153.4333,75.99,70,75,10.36
118,Nikolskoye,RU,2022-04-17 02:13:02,59.7035,30.7861,32.81,82,62,3.2
119,Kemijarvi,FI,2022-04-17 02:12:13,66.7131,27.4306,30.49,95,99,5.32
120,Lorengau,PG,2022-04-17 02:15:19,-2.0226,147.2712,84.2,74,55,5.75
121,Sabang,ID,2022-04-17 02:15:20,5.8933,95.3214,83.86,63,56,5.37
122,Bay Roberts,CA,2022-04-17 02:15:20,47.5999,-53.2648,46.33,68,99,11.01
123,Hilo,US,2022-04-17 02:15:20,19.7297,-155.09,73.27,93,100,5.75
124,Upernavik,GL,2022-04-17 02:13:25,72.7868,-56.1549,-17.1,100,50,8.7
125,Dunedin,NZ,2022-04-17 02:15:21,-45.8742,170.5036,53.8,71,96,17.0
126,Kruisfontein,ZA,2022-04-17 02:15:21,-34.0033,24.7314,58.89,92,0,3.44
127,La Spezia,IT,2022-04-17 02:15:21,44.1105,9.8434,57.2,50,0,10.27
128,Sorkjosen,NO,2022-04-17 02:15:22,69.8,20.9333,39.2,81,40,3.44
129,Cabo Rojo,PR,2022-04-17 02:15:22,18.0866,-67.1457,76.89,88,74,12.06
130,Marawi,PH,2022-04-17 02:15:22,7.9986,124.2928,79.0,66,95,3.56
131,Arraial Do Cabo,BR,2022-04-17 02:10:40,-22.9661,-42.0278,72.61,70,0,14.92
132,Saint George,US,2022-04-17 02:15:23,37.1041,-113.5841,73.63,20,0,14.97
133,Kapaa,US,2022-04-17 02:15:23,22.0752,-159.319,73.38,97,97,4.0
134,Tezu,IN,2022-04-17 02:15:23,27.9167,96.1667,66.9,92,100,4.83
135,Souillac,MU,2022-04-17 02:15:24,-20.5167,57.5167,77.38,88,75,13.8
136,Manado,ID,2022-04-17 02:12:37,1.487,124.8455,84.97,74,40,3.44
137,Jumla,NP,2022-04-17 02:15:25,29.2747,82.1838,55.99,37,0,2.04
138,Meulaboh,ID,2022-04-17 02:15:26,4.1363,96.1285,81.82,80,50,2.28
139,Merauke,ID,2022-04-17 02:16:26,-8.4667,140.3333,84.74,69,100,1.77
140,Caravelas,BR,2022-04-17 02:16:26,-17.7125,-39.2481,77.77,69,100,10.74
141,Moose Factory,CA,2022-04-17 02:16:27,51.2585,-80.6094,28.4,86,100,10.36
142,Okha,RU,2022-04-17 02:11:51,53.5739,142.9478,31.8,76,100,10.65
143,Tecoanapa,MX,2022-04-17 02:16:27,16.5167,-98.75,80.19,67,14,5.08
144,Tiksi,RU,2022-04-17 02:16:27,71.6872,128.8694,4.06,91,29,6.26
145,Noumea,NC,2022-04-17 02:14:13,-22.2763,166.4572,84.0,99,0,12.28
146,Buraydah,SA,2022-04-17 02:16:28,26.326,43.975,66.65,16,0,8.84
147,Chokurdakh,RU,2022-04-17 02:16:28,70.6333,147.9167,6.71,88,24,2.82
148,Santiago Del Estero,AR,2022-04-17 02:16:28,-27.7951,-64.2615,62.55,54,4,5.86
149,Broome,US,2022-04-17 02:16:29,42.2506,-75.833,41.7,80,75,13.8
150,Ust-Nera,RU,2022-04-17 02:16:29,64.5667,143.2,20.75,78,100,1.14
151,Itajobi,BR,2022-04-17 02:16:29,-21.3181,-49.0544,60.01,73,0,8.95
152,Kieta,PG,2022-04-17 02:16:30,-6.2167,155.6333,83.26,75,95,3.78
153,Sao Joao Da Barra,BR,2022-04-17 02:16:30,-21.6403,-41.0511,69.37,76,34,10.2
154,San Patricio,US,2022-04-17 02:16:30,28.017,-97.5169,77.72,83,81,10.13
155,Mahebourg,MU,2022-04-17 02:13:11,-20.4081,57.7,76.24,82,59,13.56
156,Kentau,KZ,2022-04-17 02:16:31,43.5206,68.5094,70.0,30,100,5.26
157,Golden,US,2022-04-17 02:16:31,39.7555,-105.2211,52.14,39,100,9.22
158,Wajima,JP,2022-04-17 02:16:31,37.4,136.9,59.68,47,0,5.75
159,Nexo,DK,2022-04-17 02:13:11,55.0607,15.1306,39.29,75,100,11.72
160,Nome,US,2022-04-17 02:16:31,64.5011,-165.4064,33.87,75,100,18.41
161,Axim,GH,2022-04-17 02:16:32,4.8699,-2.2405,75.24,88,100,3.27
162,Bitung,ID,2022-04-17 02:16:32,1.4451,125.1824,85.05,69,96,6.87
163,Coquimbo,CL,2022-04-17 02:16:32,-29.9533,-71.3436,56.93,88,75,4.61
164,Kondopoga,RU,2022-04-17 02:16:33,62.2057,34.2614,26.28,88,76,3.02
165,Amazar,RU,2022-04-17 02:12:38,53.858,120.875,35.58,36,6,6.89
166,Mildura,AU,2022-04-17 02:16:33,-34.2,142.15,85.96,23,5,12.66
167,Oussouye,SN,2022-04-17 02:16:33,12.485,-16.5469,69.66,75,26,12.41
168,Norman Wells,CA,2022-04-17 02:16:34,65.282,-126.8329,19.44,32,20,4.61
169,Nicoya,CR,2022-04-17 02:16:34,10.1483,-85.452,82.58,66,100,3.69
170,Auki,SB,2022-04-17 02:15:19,-8.7676,160.7034,85.91,64,86,3.27
171,Cartagena,CO,2022-04-17 02:16:34,10.3997,-75.5144,80.22,89,75,6.91
172,Rockhampton,AU,2022-04-17 02:16:35,-23.3833,150.5,82.29,32,0,10.36
173,Nayoro,JP,2022-04-17 02:14:19,44.3506,142.4578,49.87,62,41,16.08
174,Xuddur,SO,2022-04-17 02:16:35,4.1213,43.8894,77.38,74,78,9.06
175,Alta Floresta,BR,2022-04-17 02:16:35,-9.8756,-56.0861,72.48,97,100,1.25
176,Paramirim,BR,2022-04-17 02:16:36,-13.4425,-42.2389,69.42,96,92,6.55
177,Sarh,TD,2022-04-17 02:16:36,9.1429,18.3923,83.88,41,4,3.71
178,Hauterive,FR,2022-04-17 02:16:36,46.0901,3.4459,48.96,91,0,2.91
179,Kodiak,US,2022-04-17 02:16:37,57.79,-152.4072,38.71,75,100,13.8
180,Kananga,CD,2022-04-17 02:16:37,-5.8958,22.4178,69.15,96,100,1.36
181,Hofn,IS,2022-04-17 02:13:01,64.2539,-15.2082,46.2,97,99,6.78
182,Jardinopolis,BR,2022-04-17 02:16:37,-21.0178,-47.7639,62.02,67,0,6.91
183,Jining,CN,2022-04-17 02:16:38,35.405,116.5814,61.65,28,100,9.84
184,Manicore,BR,2022-04-17 02:16:38,-5.8092,-61.3003,73.87,97,100,0.38
185,Saint-Philippe,RE,2022-04-17 02:15:34,-21.3585,55.7679,71.22,78,39,8.66
186,Bredasdorp,ZA,2022-04-17 02:17:38,-34.5322,20.0403,56.14,83,2,7.65
187,Limbang,MY,2022-04-17 02:17:39,4.75,115.0,86.11,63,7,4.23
188,Khilok,RU,2022-04-17 02:17:39,51.3674,110.4676,44.6,54,100,9.78
189,San Quintin,MX,2022-04-17 02:17:39,30.4833,-115.95,60.28,79,0,21.34
190,Cabinda,AO,2022-04-17 02:17:40,-5.55,12.2,77.23,92,43,5.99
191,Bangassou,CF,2022-04-17 02:17:40,4.7413,22.8184,69.28,93,66,1.7
192,Kudahuvadhoo,MV,2022-04-17 02:17:40,2.6708,72.8944,83.79,74,94,11.48
193,Prabumulih,ID,2022-04-17 02:17:41,-3.45,104.25,81.27,82,57,3.24
194,San Lorenzo,PY,2022-04-17 02:17:41,-25.3333,-57.5333,65.34,63,75,6.91
195,Vao,NC,2022-04-17 02:17:41,-22.6667,167.4833,76.8,70,0,7.38
196,Mayo,US,2022-04-17 02:17:42,38.8876,-76.5119,62.76,77,75,14.97
197,Mantua,IT,2022-04-17 02:17:42,45.1667,10.7833,52.84,76,35,6.04
198,Cabedelo,BR,2022-04-17 02:17:42,-6.9811,-34.8339,81.27,85,80,7.87
199,Saldanha,ZA,2022-04-17 02:17:43,-33.0117,17.9442,58.19,69,0,9.95
200,Madisonville,US,2022-04-17 02:17:43,37.3281,-87.4989,55.26,74,85,7.78
201,Broken Hill,AU,2022-04-17 02:17:43,-31.95,141.4333,81.88,24,3,19.91
202,Port Blair,IN,2022-04-17 02:17:44,11.6667,92.75,86.04,70,20,2.3
203,Limon,CR,2022-04-17 02:17:44,10.0,-83.0333,78.19,83,100,4.54
204,Fare,PF,2022-04-17 02:17:44,-16.7,-151.0167,81.91,70,3,12.17
205,Port Lincoln,AU,2022-04-17 02:15:25,-34.7333,135.8667,66.49,74,100,9.08
206,Lagos,NG,2022-04-17 02:13:22,6.5833,3.75,78.46,86,31,3.36
207,Bata,GQ,2022-04-17 02:17:45,1.8639,9.7658,78.19,86,99,3.98
208,Maceio,BR,2022-04-17 02:17:45,-9.6658,-35.7353,78.24,88,40,3.44
209,Huambo,AO,2022-04-17 02:17:45,-12.7761,15.7392,58.53,97,100,2.66
210,Namibe,AO,2022-04-17 02:16:46,-15.1961,12.1522,72.39,75,75,6.53
211,Kiunga,PG,2022-04-17 02:17:46,-6.1219,141.2906,85.6,67,100,2.89
212,Orange,US,2022-04-17 02:17:21,33.7,-117.7675,67.39,80,75,7.0
213,Nemuro,JP,2022-04-17 02:16:51,43.3236,145.575,40.57,76,4,15.43
214,Uyovu,TZ,2022-04-17 02:17:46,-3.2833,31.5258,63.37,98,100,0.76
215,Codrington,AU,2022-04-17 02:17:46,-38.2667,141.9667,79.3,30,100,24.43
216,Tonj,SS,2022-04-17 02:17:47,7.2737,28.6822,76.19,72,82,3.94
217,Havre-Saint-Pierre,CA,2022-04-17 02:17:47,50.2334,-63.5986,33.8,86,0,6.91
218,Faanui,PF,2022-04-17 02:17:47,-16.4833,-151.75,81.34,72,6,11.7
219,Pontarlier,FR,2022-04-17 02:17:48,46.8333,6.25,40.01,64,4,10.6
220,Gravdal,NO,2022-04-17 02:17:48,68.1214,13.5031,41.95,98,100,16.33
221,Tabuk,PH,2022-04-17 02:17:48,17.4189,121.4443,81.86,67,41,6.08
222,Roald,NO,2022-04-17 02:17:48,62.5833,6.1333,43.75,93,75,6.91
223,Muisne,EC,2022-04-17 02:15:33,0.6,-80.0333,76.77,84,100,6.49
224,Isangel,VU,2022-04-17 02:17:49,-19.55,169.2667,84.02,70,20,6.24
225,Mange,SL,2022-04-17 02:17:49,8.9167,-12.85,74.59,77,44,1.95
226,East London,ZA,2022-04-17 02:17:49,-33.0153,27.9116,61.38,77,100,6.06
227,Inverell,AU,2022-04-17 02:17:50,-29.7833,151.1167,77.67,41,0,8.01
228,San Borja,BO,2022-04-17 02:17:50,-14.8167,-66.85,69.6,72,52,3.38
229,Rio Grande,BR,2022-04-17 02:17:50,-32.035,-52.0986,54.95,74,85,8.93
230,Sur,OM,2022-04-17 02:18:51,22.5667,59.5289,86.41,36,32,5.75
231,Hasaki,JP,2022-04-17 02:18:51,35.7333,140.8333,64.29,54,100,9.62
232,Eyl,SO,2022-04-17 02:18:51,7.9803,49.8164,79.36,81,81,2.46
233,Comodoro Rivadavia,AR,2022-04-17 02:15:00,-45.8667,-67.5,46.26,76,0,6.91
234,Coihaique,CL,2022-04-17 02:18:51,-45.5752,-72.0662,44.55,81,0,5.75
235,Hirara,JP,2022-04-17 02:18:52,24.8,125.2833,73.67,64,75,11.5
236,Cedral,MX,2022-04-17 02:18:52,23.8,-100.7333,81.1,8,76,6.35
237,Shimoda,JP,2022-04-17 02:18:52,34.6667,138.95,59.36,74,100,9.48
238,Ancud,CL,2022-04-17 02:18:53,-41.8697,-73.8203,55.22,88,0,4.83
239,Bambous Virieux,MU,2022-04-17 02:18:53,-20.3428,57.7575,77.25,88,75,13.8
240,Maragogi,BR,2022-04-17 02:18:53,-9.0122,-35.2225,78.73,88,92,7.4
241,Alyangula,AU,2022-04-17 02:15:32,-13.8483,136.4192,83.88,70,73,13.42
242,Constitucion,CL,2022-04-17 02:18:54,-35.3333,-72.4167,54.32,75,0,3.02
243,Elliot Lake,CA,2022-04-17 02:18:54,46.3834,-82.6331,25.0,72,100,9.1
244,Belgrade,RS,2022-04-17 02:14:15,44.804,20.4651,42.24,59,0,11.5
245,Vila Do Maio,CV,2022-04-17 02:18:54,15.1333,-23.2167,70.59,80,90,13.98
246,Ukiah,US,2022-04-17 02:18:55,39.1502,-123.2078,58.44,63,0,3.44
247,Siedlce,PL,2022-04-17 02:18:55,52.1677,22.2901,31.24,89,29,6.87
248,Champoton,MX,2022-04-17 02:18:55,19.35,-90.7167,79.95,78,5,11.99
249,Arys,KZ,2022-04-17 02:18:56,42.4252,68.795,66.52,45,100,2.28
250,Banjar,ID,2022-04-17 02:18:56,-8.19,114.9675,86.77,70,92,2.53
251,Palmer,US,2022-04-17 02:18:56,42.1584,-72.3287,44.15,85,100,3.44
252,Yulara,AU,2022-04-17 02:18:57,-25.2406,130.9889,84.04,30,5,11.5
253,Nanortalik,GL,2022-04-17 02:18:57,60.1432,-45.2371,29.05,84,93,8.21
254,Ugoofaaru,MV,2022-04-17 02:18:57,5.6667,73.0,84.49,72,71,9.26
255,Port Hedland,AU,2022-04-17 02:15:19,-20.3167,118.5667,98.65,14,11,10.36
256,Baglung,NP,2022-04-17 02:18:57,28.2719,83.5898,76.8,18,0,3.11
257,Nurota,UZ,2022-04-17 02:18:58,40.5614,65.6886,63.79,47,96,8.14
258,Brae,GB,2022-04-17 02:18:58,60.3964,-1.353,46.17,94,100,16.02
259,Katsuura,JP,2022-04-17 02:18:52,35.1333,140.3,58.98,58,100,10.31
260,Luau,AO,2022-04-17 02:18:58,-10.7073,22.2247,64.02,98,100,2.57
261,Aligudarz,IR,2022-04-17 02:18:59,33.4006,49.6949,41.59,45,0,2.57
262,Swedru,GH,2022-04-17 02:18:59,5.5371,-0.6998,74.95,91,100,3.53
263,Saint-Pierre,RE,2022-04-17 02:14:33,-21.3393,55.4781,73.08,80,0,5.75
264,Kavaratti,IN,2022-04-17 02:19:00,10.5669,72.642,83.86,72,31,5.82
265,Sao Jose Da Coroa Grande,BR,2022-04-17 02:19:00,-8.8978,-35.1478,79.07,87,64,7.85
266,Klaksvik,FO,2022-04-17 02:19:00,62.2266,-6.589,47.32,97,100,22.53
267,Zaltan,LY,2022-04-17 02:19:00,32.947,11.8665,60.75,73,54,14.7
268,Cabo San Lucas,MX,2022-04-17 02:19:01,22.8909,-109.9124,82.71,26,75,4.61
269,Pochutla,MX,2022-04-17 02:19:01,15.7432,-96.4661,84.81,66,10,7.18
270,Richards Bay,ZA,2022-04-17 02:19:01,-28.783,32.0377,63.59,88,100,7.27
271,Itarema,BR,2022-04-17 02:19:02,-2.9248,-39.9167,77.79,85,85,5.44
272,Carnarvon,AU,2022-04-17 02:14:19,-24.8667,113.6333,77.07,69,75,14.97
273,Riyadh,SA,2022-04-17 02:19:02,24.6877,46.7219,71.74,23,2,8.43
274,Waterloo,CA,2022-04-17 02:17:01,43.4668,-80.5164,34.65,74,100,8.05
275,Portland,US,2022-04-17 02:18:28,45.5234,-122.6762,49.62,66,75,18.41
276,Barrow,US,2022-04-17 02:19:03,71.2906,-156.7887,8.62,72,0,18.41
277,Nalut,LY,2022-04-17 02:19:03,30.3333,10.85,54.05,66,5,10.6
278,Verkhoyansk,RU,2022-04-17 02:20:03,67.5447,133.385,17.92,80,100,4.52
279,Creel,MX,2022-04-17 02:20:04,27.75,-107.6333,55.53,20,100,5.88
280,Namatanai,PG,2022-04-17 02:20:05,-3.6667,152.4333,84.38,71,70,7.52
281,Vereshchagino,RU,2022-04-17 02:20:05,58.0789,54.6557,24.82,87,88,2.77
282,Thunder Bay,CA,2022-04-17 02:16:08,48.4001,-89.3168,26.58,68,100,6.91
283,Nouadhibou,MR,2022-04-17 02:20:06,20.931,-17.0347,62.58,94,75,11.5
284,Westport,US,2022-04-17 02:18:51,41.1415,-73.3579,50.32,89,100,12.66
285,Formosa,AR,2022-04-17 02:20:06,-26.1775,-58.1781,64.38,77,0,3.44
286,Lethem,GY,2022-04-17 02:20:06,3.3803,-59.7968,79.7,71,93,11.12
287,Ponta Do Sol,PT,2022-04-17 02:20:07,32.6667,-17.1,70.43,43,100,7.45
288,Grindavik,IS,2022-04-17 02:20:07,63.8424,-22.4338,44.55,93,75,13.8
289,Aras,ES,2022-04-17 02:20:07,42.5617,-2.356,45.01,76,0,9.22
290,Torrevieja,ES,2022-04-17 02:20:08,37.9787,-0.6822,63.81,63,0,1.01
291,Mount Isa,AU,2022-04-17 02:20:08,-20.7333,139.5,91.17,17,5,8.05
292,Dalbandin,PK,2022-04-17 02:20:08,28.8947,64.4101,79.65,18,11,5.59
293,Hurghada,EG,2022-04-17 02:20:09,27.2574,33.8129,72.97,33,0,4.25
294,Prado,BR,2022-04-17 02:20:09,-17.3411,-39.2208,76.23,73,100,9.08
295,Chuy,UY,2022-04-17 02:19:09,-33.6971,-53.4616,59.18,85,0,5.39
296,Nikko,JP,2022-04-17 02:20:09,36.75,139.6167,54.68,53,56,7.58
297,Cortes,ES,2022-04-17 02:20:10,41.9395,-1.4396,58.28,58,0,15.82
298,Zeerust,ZA,2022-04-17 02:20:10,-25.5369,26.0751,56.68,97,100,9.55
299,Waingapu,ID,2022-04-17 02:20:10,-9.6567,120.2641,85.42,73,47,8.61
300,Shu,KZ,2022-04-17 02:20:11,43.5983,73.7614,62.83,47,76,2.91
301,Karabulak,RU,2022-04-17 02:20:11,43.3036,44.8964,34.79,80,0,2.19
302,Linhares,BR,2022-04-17 02:20:11,-19.3911,-40.0722,69.58,83,59,4.63
303,Pirot,RS,2022-04-17 02:20:12,43.1531,22.5861,46.6,92,100,4.23
304,Conde,BR,2022-04-17 02:20:12,-7.2597,-34.9075,80.06,89,75,3.44
305,Bonthe,SL,2022-04-17 02:16:50,7.5264,-12.505,77.32,81,23,5.14
306,Bridlington,GB,2022-04-17 02:20:12,54.0831,-0.1919,52.02,86,100,10.98
307,Misratah,LY,2022-04-17 02:20:13,32.3754,15.0925,61.11,83,54,21.61
308,Te Anau,NZ,2022-04-17 02:20:13,-45.4167,167.7167,55.36,53,99,0.49
309,Hamilton,US,2022-04-17 02:18:29,39.1834,-84.5333,51.24,48,0,10.36
310,Sarlat-La-Caneda,FR,2022-04-17 02:20:13,44.889,1.2166,46.92,93,0,3.38
311,Karratha,AU,2022-04-17 02:20:14,-20.7377,116.8463,92.86,31,10,5.32
312,Bilma,NE,2022-04-17 02:20:14,18.6853,12.9164,82.92,11,82,9.71
313,Acapulco,MX,2022-04-17 02:20:14,16.8634,-99.8901,80.42,65,0,0.0
314,Wahiawa,US,2022-04-17 02:20:15,21.5028,-158.0236,79.12,74,75,11.5
315,Turukhansk,RU,2022-04-17 02:20:15,65.8167,87.9833,25.16,95,100,18.32
316,Alpatovo,RU,2022-04-17 02:20:15,43.7028,45.2415,45.66,80,0,5.82
317,Semme,FR,2022-04-17 02:20:15,46.1963,1.5007,52.21,97,3,4.25
318,Taubate,BR,2022-04-17 02:20:16,-23.0264,-45.5553,58.86,92,93,1.7
319,Santa Cruz,BO,2022-04-17 02:20:16,-17.8,-63.1667,71.06,60,75,9.22
320,Luderitz,NA,2022-04-17 02:20:16,-26.6481,15.1594,61.7,62,0,11.81
321,Gat,IL,2022-04-17 02:18:05,31.61,34.7642,69.4,25,56,6.64
322,Taoudenni,ML,2022-04-17 02:20:17,22.6783,-3.9836,74.01,24,0,13.0
323,Hastings,GB,2022-04-17 02:20:17,50.8552,0.5729,52.52,89,52,6.8
324,Ilulissat,GL,2022-04-17 02:20:17,69.2167,-51.1,-8.21,92,10,5.86
325,Chardara,KZ,2022-04-17 02:20:18,41.2547,67.9692,66.34,48,100,8.55
326,Maniitsoq,GL,2022-04-17 02:21:18,65.4167,-52.9,19.85,66,2,3.96
327,Miyoshi,JP,2022-04-17 02:21:18,35.0833,137.0667,60.62,70,100,2.8
328,Tsumeb,NA,2022-04-17 02:21:19,-19.2333,17.7167,67.77,66,100,4.23
329,Mongu,ZM,2022-04-17 02:21:19,-15.2484,23.1274,67.59,88,100,4.47
330,Fairbanks,US,2022-04-17 02:17:22,64.8378,-147.7164,35.1,32,0,14.97
331,Praia Da Vitoria,PT,2022-04-17 02:21:19,38.7333,-27.0667,59.25,88,40,10.31
332,Coxim,BR,2022-04-17 02:20:57,-18.5067,-54.76,68.59,62,1,6.13
333,Azare,NG,2022-04-17 02:21:20,11.6765,10.1948,80.26,55,92,13.87
334,Necochea,AR,2022-04-17 02:21:20,-38.5473,-58.7368,57.18,76,100,4.99
335,Inuvik,CA,2022-04-17 02:21:20,68.3499,-133.7218,18.46,38,20,4.61
336,Bilibino,RU,2022-04-17 02:21:21,68.0546,166.4372,22.53,81,98,2.01
337,Gushikawa,JP,2022-04-17 02:21:21,26.3544,127.8686,69.8,54,100,10.36
338,Mackay,AU,2022-04-17 02:21:21,-21.15,149.2,83.68,60,5,15.08
339,Valencia,ES,2022-04-17 02:21:22,39.3333,-0.8333,58.6,59,0,5.44
340,Along,IN,2022-04-17 02:21:22,28.1667,94.7667,67.17,94,97,2.13
341,Tutoia,BR,2022-04-17 02:21:22,-2.7619,-42.2744,77.14,88,100,4.41
342,Sakakah,SA,2022-04-17 02:21:23,29.9697,40.2064,63.97,20,0,8.23
343,Lompoc,US,2022-04-17 02:21:23,34.6391,-120.4579,60.78,79,0,11.5
344,Cururupu,BR,2022-04-17 02:21:23,-1.8283,-44.8683,74.32,98,70,1.59
345,Rochelle,FR,2022-04-17 02:21:24,46.25,-1.0,51.89,76,0,10.36
346,Mrakovo,RU,2022-04-17 02:21:24,52.7161,56.6244,34.34,84,16,2.35
347,Bairiki,KI,2022-04-17 02:19:18,1.3292,172.9752,86.0,70,40,10.36
348,Vostok,RU,2022-04-17 02:21:25,46.4856,135.8833,39.07,48,79,15.21
349,Shubarkuduk,KZ,2022-04-17 02:21:25,49.1447,56.4872,47.12,73,58,1.39
350,Oktyabrskoye,RU,2022-04-17 02:21:25,43.0645,44.7417,32.14,100,0,8.95
351,Honiara,SB,2022-04-17 02:21:26,-9.4333,159.95,85.96,66,97,4.5
352,Visnes,NO,2022-04-17 02:21:26,59.3556,5.2242,41.22,81,96,10.36
353,Grand Gaube,MU,2022-04-17 02:21:26,-20.0064,57.6608,77.4,86,80,7.0
354,Povenets,RU,2022-04-17 02:21:26,62.8487,34.8262,26.35,91,99,4.25
355,Tautira,PF,2022-04-17 02:21:27,-17.7333,-149.15,79.63,76,3,9.35
356,Vestmannaeyjar,IS,2022-04-17 02:21:27,63.4427,-20.2734,45.81,89,78,13.49
357,Anadyr,RU,2022-04-17 02:21:27,64.75,177.4833,34.3,74,75,13.42
358,Kelvington,CA,2022-04-17 02:21:28,52.1667,-103.5343,9.77,94,35,4.9
359,Hanna,CA,2022-04-17 02:21:28,51.6334,-111.9018,30.85,53,100,8.01
360,Husavik,IS,2022-04-17 02:21:28,66.0449,-17.3389,40.93,88,82,8.37
361,Tomatlan,MX,2022-04-17 02:21:29,19.9333,-105.25,74.7,51,100,1.5
362,Riosucio,CO,2022-04-17 02:21:29,5.4216,-75.7032,59.99,99,100,1.25
363,Dunda,TZ,2022-04-17 02:21:29,-8.1167,34.25,61.29,96,95,0.98
364,Khatanga,RU,2022-04-17 02:21:30,71.9667,102.5,21.58,95,88,8.1
365,Kiruna,SE,2022-04-17 02:21:30,67.8557,20.2251,32.92,93,40,3.44
366,Banjarmasin,ID,2022-04-17 02:21:30,-3.3244,114.591,83.48,68,100,3.78
367,Nisia Floresta,BR,2022-04-17 02:21:31,-6.0911,-35.2086,81.41,87,79,5.06
368,Kaiyuan,CN,2022-04-17 02:21:31,23.6977,103.3037,72.18,65,41,4.74
369,Maibong,IN,2022-04-17 02:17:59,25.3,93.1667,78.39,66,17,4.36
370,Catalina,US,2022-04-17 02:21:31,32.5056,-110.9211,80.46,11,0,10.71
371,Entre Rios,BR,2022-04-17 02:21:32,-11.9419,-38.0844,72.63,98,31,3.76
372,Elko,US,2022-04-17 02:20:02,41.0002,-115.5012,50.02,50,39,24.81
373,Villarrica,PY,2022-04-17 02:21:32,-25.75,-56.4333,58.14,91,7,5.84
374,Port Elizabeth,ZA,2022-04-17 02:22:32,-33.918,25.5701,61.32,91,40,8.05
375,Samagaltay,RU,2022-04-17 02:22:33,50.6022,95.0047,44.13,38,2,4.94
376,Carballo,ES,2022-04-17 02:18:03,43.213,-8.691,55.54,91,100,3.27
377,Baykit,RU,2022-04-17 02:22:33,61.67,96.37,41.85,96,100,6.24
378,Miri,MY,2022-04-17 02:21:42,4.4148,114.0089,89.74,70,40,8.05
379,Kirakira,SB,2022-04-17 02:22:20,-10.4544,161.9205,85.57,62,91,5.86
380,Tazovskiy,RU,2022-04-17 02:22:33,67.4667,78.7,12.16,92,100,17.85
381,Areosa,PT,2022-04-17 02:22:34,41.7178,-8.8571,54.5,86,91,5.82
382,Mafeteng,LS,2022-04-17 02:22:34,-29.823,27.2374,50.05,91,100,1.19
383,San Cristobal,VE,2022-04-17 02:22:34,7.7669,-72.225,75.38,97,100,4.21
384,Karatau,KZ,2022-04-17 02:22:35,43.1667,70.4667,67.08,43,92,1.63
385,Capreol,CA,2022-04-17 02:22:35,46.706,-80.9225,30.54,94,100,5.75
386,Luangwa,ZM,2022-04-17 02:22:35,-15.6167,30.4167,75.7,74,74,9.42
387,Springbok,ZA,2022-04-17 02:22:36,-29.6643,17.8865,58.62,42,0,7.85
388,Campina Grande Do Sul,BR,2022-04-17 02:22:36,-25.3056,-49.0553,55.98,96,92,4.34
389,Mana,GF,2022-04-17 02:22:36,5.6592,-53.7767,77.29,87,97,8.66
390,Balkhash,KZ,2022-04-17 02:22:37,46.844,74.9804,52.41,24,0,15.66
391,Lata,PT,2022-04-17 02:22:37,40.1629,-8.3327,52.92,92,84,1.68
392,Sosva,RU,2022-04-17 02:22:37,59.1766,61.8558,27.14,80,36,8.41
393,Harare,ZW,2022-04-17 02:22:38,-17.8294,31.0539,61.83,88,34,5.53
394,Areia Branca,BR,2022-04-17 02:22:38,-4.9561,-37.1369,80.2,83,18,9.53
395,Adilabad,IN,2022-04-17 02:22:38,19.6667,78.5333,90.52,32,81,10.65
396,Xinxiang,CN,2022-04-17 02:22:38,35.3089,113.8672,61.3,29,100,6.98
397,Conceicao Da Barra,BR,2022-04-17 02:22:39,-18.5933,-39.7322,72.81,79,100,6.42
398,Beckley,US,2022-04-17 02:22:39,37.7782,-81.1882,62.49,68,75,10.36
399,La Asuncion,VE,2022-04-17 02:22:39,11.0333,-63.8628,78.03,82,25,21.52
400,Trat,TH,2022-04-17 02:22:40,12.5,102.5,89.8,77,100,1.81
401,Itaituba,BR,2022-04-17 02:22:40,-4.2761,-55.9836,73.33,99,95,0.47
402,Tuatapere,NZ,2022-04-17 02:22:40,-46.1333,167.6833,57.31,52,86,2.59
403,Cayenne,GF,2022-04-17 02:22:41,4.9333,-52.3333,81.09,1,20,5.01
404,Amapa,BR,2022-04-17 02:22:41,1.0,-52.0,71.94,98,100,2.19
405,Victor Harbor,AU,2022-04-17 02:22:41,-35.5667,138.6167,78.67,67,100,13.82
406,Ust-Omchug,RU,2022-04-17 02:22:42,61.15,149.6333,18.34,81,98,6.62
407,Huarmey,PE,2022-04-17 02:22:42,-10.0681,-78.1522,67.37,84,99,8.39
408,Cardoso,BR,2022-04-17 02:22:42,-20.0819,-49.9142,60.51,72,0,7.52
409,Surt,LY,2022-04-17 02:22:43,31.2089,16.5887,62.55,84,98,19.13
410,Cockburn Town,TC,2022-04-17 02:22:43,21.4612,-71.1419,77.63,85,100,23.29
411,Komsomolskiy,UZ,2022-04-17 02:20:24,40.4272,71.7189,63.32,42,81,2.3
412,College,US,2022-04-17 02:22:43,64.8569,-147.8028,34.12,32,20,14.97
413,Muana,BR,2022-04-17 02:22:44,-1.5283,-49.2167,74.98,96,100,3.8
414,Khromtau,KZ,2022-04-17 02:22:44,50.2503,58.4347,42.64,68,30,5.19
415,Northam,GB,2022-04-17 02:22:44,51.0333,-4.2167,52.61,72,100,8.43
416,Muskogee,US,2022-04-17 02:22:45,35.5834,-95.3336,62.67,58,100,12.66
417,Derzhavinsk,KZ,2022-04-17 02:22:45,51.1,66.3167,47.73,70,74,8.1
418,Todos Santos,MX,2022-04-17 02:22:45,23.45,-110.2167,65.66,81,100,7.11
419,Mayumba,GA,2022-04-17 02:22:46,-3.432,10.6554,76.71,92,19,3.67
420,Southbridge,US,2022-04-17 02:22:46,42.0751,-72.0334,45.43,93,100,3.0
421,Adana,TR,2022-04-17 02:23:46,36.985,35.2881,53.62,71,0,6.91
422,Coahuayana,MX,2022-04-17 02:23:47,18.7333,-103.6833,72.39,80,99,1.05
423,Owando,CG,2022-04-17 02:23:47,-0.4819,15.8999,73.17,88,82,1.23
424,Floro,NO,2022-04-17 02:23:47,61.5996,5.0328,43.97,75,100,9.22
425,The Valley,AI,2022-04-17 02:23:47,18.217,-63.0578,79.11,76,33,24.32
426,Pangoa,PE,2022-04-17 02:23:48,-12.1167,-73.0,71.02,86,99,1.34
427,Popondetta,PG,2022-04-17 02:23:48,-8.7537,148.2534,84.52,74,98,4.23
428,Agaro,ET,2022-04-17 02:23:48,7.85,36.65,60.62,99,100,1.92
429,Taperoa,BR,2022-04-17 02:23:49,-7.2075,-36.8267,70.54,92,24,4.65
430,Ilovka,RU,2022-04-17 02:23:49,50.7053,38.637,48.52,94,100,11.59
431,Zhigansk,RU,2022-04-17 02:23:49,66.7697,123.3711,15.48,94,100,15.23
432,Morant Bay,JM,2022-04-17 02:23:50,17.8815,-76.4093,80.22,85,69,8.55
433,Novi Ligure,IT,2022-04-17 02:23:50,44.7608,8.7896,56.68,52,31,1.01
434,Yumen,CN,2022-04-17 02:23:50,40.2833,97.2,47.52,25,0,4.7
435,Jijiang,CN,2022-04-17 02:23:51,29.2906,106.2542,58.37,90,100,3.89
436,Kropotkin,RU,2022-04-17 02:23:51,45.4375,40.5756,46.8,82,45,5.99
437,Naze,JP,2022-04-17 02:22:50,28.3667,129.4833,68.92,58,90,10.18
438,Margate,GB,2022-04-17 02:23:51,51.3813,1.3862,50.31,84,52,1.01
439,Lagoa,PT,2022-04-17 02:23:51,39.05,-27.9833,58.33,74,0,14.7
440,Darhan,MN,2022-04-17 02:23:52,49.4867,105.9228,51.3,35,77,4.68
441,Yacuiba,BO,2022-04-17 02:23:52,-22.038,-63.6797,62.42,53,100,2.93
442,Uni,RU,2022-04-17 02:23:52,57.7535,51.4923,25.57,90,100,5.32
443,Ajdabiya,LY,2022-04-17 02:23:53,30.7554,20.2263,63.41,82,100,13.04
444,Nangomba,TZ,2022-04-17 02:23:53,-10.9,38.5,69.22,100,45,3.69
445,Poum,NC,2022-04-17 02:23:53,-20.2333,164.0167,78.55,66,2,8.75
446,Penzance,GB,2022-04-17 02:23:54,50.1186,-5.5371,50.68,88,97,13.06
447,Algiers,DZ,2022-04-17 02:23:54,36.7525,3.042,46.22,93,20,3.44
448,Sorland,NO,2022-04-17 02:23:54,67.667,12.6934,42.22,96,100,22.21
449,Osoyoos,CA,2022-04-17 02:23:26,49.0331,-119.4524,52.21,24,100,2.3
450,Maromitsa,RU,2022-04-17 02:23:55,59.8683,48.0123,20.26,97,20,1.97
451,Mutoko,ZW,2022-04-17 02:23:55,-17.397,32.2268,59.65,93,15,4.38
452,Amahai,ID,2022-04-17 02:23:55,-3.3333,128.9167,87.39,61,85,2.44
453,Itatskiy,RU,2022-04-17 02:23:56,56.07,89.0369,51.64,67,68,9.28
454,Clinton,US,2022-04-17 02:23:29,42.587,-82.9199,37.94,63,100,12.66
455,Flinders,AU,2022-04-17 02:19:09,-34.5833,150.8552,77.05,58,2,8.99
456,Hervey Bay,AU,2022-04-17 02:23:56,-25.2986,152.8535,77.02,66,59,8.99
457,Hailar,CN,2022-04-17 02:23:36,49.2,119.7,39.33,26,66,10.54
458,Arona,ES,2022-04-17 02:23:56,28.0996,-16.681,71.69,82,0,5.75
459,Krasnyy Chikoy,RU,2022-04-17 02:23:57,50.3643,108.7512,46.8,54,100,7.65
460,Sistranda,NO,2022-04-17 02:23:57,63.7256,8.834,40.96,81,100,3.78
461,Sedro-Woolley,US,2022-04-17 02:22:04,48.5039,-122.2361,49.82,68,20,6.91
462,Buala,SB,2022-04-17 02:23:57,-8.145,159.5921,83.19,71,90,3.31
463,Lovington,US,2022-04-17 02:23:58,32.944,-103.3485,66.02,27,98,1.99
464,Kameyama,JP,2022-04-17 02:23:58,34.85,136.45,57.7,61,100,3.06
465,Atambua,ID,2022-04-17 02:23:58,-9.1061,124.8925,83.28,65,85,2.33
466,Abu Zabad,SD,2022-04-17 02:23:59,12.35,29.25,82.4,49,100,8.84
467,Worland,US,2022-04-17 02:21:04,44.0169,-107.9554,49.87,62,0,12.66
468,Caceres,ES,2022-04-17 02:24:59,39.522,-6.3748,56.73,76,24,2.75
469,Vila Franca Do Campo,PT,2022-04-17 02:24:59,37.7167,-25.4333,61.21,91,99,9.08
470,Egvekinot,RU,2022-04-17 02:25:00,66.3167,-179.1667,22.84,86,39,8.95
471,Longonjo,AO,2022-04-17 02:25:00,-12.9067,15.2533,63.61,94,100,2.24
472,Batagay,RU,2022-04-17 02:25:00,67.6333,134.6333,18.45,81,100,2.55
473,Simplicio Mendes,BR,2022-04-17 02:25:01,-7.8539,-41.9103,72.0,91,19,2.53
474,Yarmouth,US,2022-04-17 02:25:01,41.7057,-70.2286,55.96,88,100,21.99
475,Vadgaon,IN,2022-04-17 02:25:01,20.9402,74.8712,85.23,27,0,7.2
476,Gazanjyk,TM,2022-04-17 02:25:02,39.2446,55.5154,57.07,86,100,8.1
477,La Orilla,MX,2022-04-17 02:25:02,17.9833,-102.2333,74.07,77,8,4.47
478,Zaranj,AF,2022-04-17 02:23:12,30.9667,61.8833,66.16,38,76,12.53
479,Miyang,CN,2022-04-17 02:25:03,24.4042,103.4428,69.57,62,17,5.95
480,Cap-Aux-Meules,CA,2022-04-17 02:25:03,47.3821,-61.8597,44.65,81,75,12.66
481,Hayden,US,2022-04-17 02:20:23,47.766,-116.7866,40.55,80,0,5.75
482,Narsaq,GL,2022-04-17 02:22:34,60.9167,-46.05,32.22,84,9,1.57
483,West Wendover,US,2022-04-17 02:25:04,40.7391,-114.0733,60.01,29,0,19.57
484,Havelock,US,2022-04-17 02:25:04,34.8791,-76.9013,67.98,89,0,6.91
485,Guerrero Negro,MX,2022-04-17 02:21:55,27.9769,-114.0611,60.49,83,46,19.48
486,Djougou,BJ,2022-04-17 02:25:04,9.7085,1.666,73.58,71,86,4.07
487,Kizukuri,JP,2022-04-17 02:25:05,40.8061,140.3861,60.12,21,4,13.42
488,Menomonie,US,2022-04-17 02:25:05,44.8755,-91.9193,35.64,51,36,0.0
489,Petropavlovsk-Kamchatskiy,RU,2022-04-17 02:25:05,53.0452,158.6483,39.79,33,0,11.18
490,Lufilufi,WS,2022-04-17 02:25:06,-13.8745,-171.5986,89.38,74,10,15.21
491,Ayan,RU,2022-04-17 02:23:17,56.45,138.1667,27.16,76,68,9.17
492,Celendin,PE,2022-04-17 02:25:06,-6.8703,-78.1517,53.76,89,19,3.29
493,Bambanglipuro,ID,2022-04-17 02:23:26,-7.95,110.2833,84.13,74,100,3.15
494,Presidencia Roque Saenz Pena,AR,2022-04-17 02:25:06,-26.7852,-60.4388,58.32,86,48,3.76
495,Port Hardy,CA,2022-04-17 02:23:29,50.6996,-127.4199,46.58,57,75,16.11
496,Sao Felix Do Xingu,BR,2022-04-17 02:21:25,-6.6447,-51.995,72.12,99,94,1.1
497,San Isidro,PE,2022-04-17 02:25:07,-12.1167,-77.05,64.51,29,0,13.8
498,Waipawa,NZ,2022-04-17 02:25:07,-41.4122,175.5153,56.01,60,19,8.52
499,Faya,SA,2022-04-17 02:25:08,18.3851,42.4509,62.71,47,1,3.42
500,Imbituba,BR,2022-04-17 02:25:08,-28.24,-48.6703,67.86,81,67,6.91
501,Novska,HR,2022-04-17 02:25:08,45.3406,16.9769,41.77,84,99,9.17
502,Ilhabela,BR,2022-04-17 02:25:08,-23.7781,-45.3581,66.81,86,13,3.96
503,Dubrovka,RU,2022-04-17 02:25:09,53.6907,33.5071,30.56,89,100,13.69
504,Chake Chake,TZ,2022-04-17 02:25:09,-5.2459,39.7666,76.68,89,100,9.08
505,Spring Valley,US,2022-04-17 02:25:09,36.108,-115.245,75.15,20,0,21.85
506,Christchurch,NZ,2022-04-17 02:25:10,-43.5333,172.6333,57.94,79,75,12.66
507,Excelsior Springs,US,2022-04-17 02:25:10,39.3392,-94.2261,49.5,35,0,0.0
508,Polyarnyy,RU,2022-04-17 02:25:10,69.1989,33.4478,37.18,88,100,25.05
509,Boras,SE,2022-04-17 02:25:11,57.721,12.9401,33.89,96,73,3.22
510,Los Llanos De Aridane,ES,2022-04-17 02:20:21,28.6585,-17.9182,68.13,54,0,12.66
511,Teguise,ES,2022-04-17 02:25:11,29.0605,-13.564,70.02,49,0,10.36
512,Ponta Delgada,PT,2022-04-17 02:20:24,37.7333,-25.6667,61.52,82,20,16.11
513,Hundorp,NO,2022-04-17 02:25:11,61.5552,9.9407,31.62,86,100,1.95
514,Salcininkai,LT,2022-04-17 02:25:12,54.3,25.3833,31.84,89,15,6.44
515,Minot,US,2022-04-17 02:25:12,48.2325,-101.2963,17.82,73,0,6.91
516,Dauphin,CA,2022-04-17 02:25:12,51.1494,-100.0502,19.54,58,0,6.91
517,Kinablangan,PH,2022-04-17 02:31:48,7.6947,126.5503,82.96,75,50,5.48
518,Tambura,SS,2022-04-17 02:31:48,5.6,27.4667,68.67,94,93,3.91
519,Ha Giang,VN,2022-04-17 02:31:49,22.8333,104.9833,66.25,96,100,1.61
520,Beyla,GN,2022-04-17 02:31:49,8.6833,-8.6333,68.77,87,100,3.91
521,Per,HU,2022-04-17 02:31:49,47.6115,17.8063,39.2,56,0,13.8
522,Lumby,CA,2022-04-17 02:31:50,50.2498,-118.969,47.97,25,100,1.14
523,Zeya,RU,2022-04-17 02:31:50,53.75,127.2667,42.42,39,22,6.38
524,Kpandu,GH,2022-04-17 02:31:50,6.9954,0.2931,76.57,80,87,1.05
525,Aklavik,CA,2022-04-17 02:31:50,68.2191,-135.0107,12.09,83,23,12.5
526,Mehamn,NO,2022-04-17 02:31:51,71.0357,27.8492,37.33,88,100,28.25
527,Port Hawkesbury,CA,2022-04-17 02:31:22,45.6169,-61.3485,47.8,78,20,9.22
528,Casino,AU,2022-04-17 02:31:51,-28.8667,153.05,75.15,60,98,8.05
529,Batsfjord,NO,2022-04-17 02:31:51,70.6345,29.7185,37.18,87,100,47.18
530,Deputatskiy,RU,2022-04-17 02:31:52,69.3,139.9,12.52,87,100,4.14
531,Angoche,MZ,2022-04-17 02:31:52,-16.2325,39.9086,77.92,88,17,8.77
532,Qaqortoq,GL,2022-04-17 02:31:52,60.7167,-46.0333,26.94,88,7,5.14
533,Ippy,CF,2022-04-17 02:31:53,6.2679,21.2247,73.92,70,48,4.03
534,Orange Park,US,2022-04-17 02:30:02,30.1661,-81.7065,74.23,77,75,8.05
535,Portree,GB,2022-04-17 02:31:53,57.4129,-6.1942,49.51,93,100,8.95
536,Sao Filipe,CV,2022-04-17 02:31:54,14.8961,-24.4956,70.7,79,25,7.2
537,Kosa,RU,2022-04-17 02:31:54,59.9445,54.9977,21.88,90,65,3.24
538,Dhone,IN,2022-04-17 02:31:54,15.4167,77.8833,87.8,39,74,2.35
539,Goderich,CA,2022-04-17 02:31:55,43.7501,-81.7165,32.92,74,100,11.5
540,Airai,TL,2022-04-17 02:31:55,-8.9266,125.4092,74.5,61,40,1.54
541,Zyryanovsk,KZ,2022-04-17 02:28:55,49.7386,84.2719,37.98,92,76,1.03
542,Nanakuli,US,2022-04-17 02:31:55,21.3906,-158.1547,82.35,59,0,11.5
543,Burnie,AU,2022-04-17 02:31:57,-41.0667,145.9167,66.94,69,100,6.71
544,Tuy Hoa,VN,2022-04-17 02:31:57,13.0833,109.3,82.71,73,87,7.96
545,Voznesenskoye,RU,2022-04-17 02:31:57,54.89,42.7569,32.05,89,100,13.69
546,Henties Bay,NA,2022-04-17 02:31:58,-22.116,14.2845,59.38,83,82,4.32
547,Smithers,CA,2022-04-17 02:31:58,54.7804,-127.1743,46.72,19,20,4.61
548,Santa Marta,CO,2022-04-17 02:31:01,11.2408,-74.199,86.05,73,40,35.68
549,Alice Springs,AU,2022-04-17 02:31:59,-23.7,133.8833,90.95,17,12,14.97
550,Harper,LR,2022-04-17 02:31:59,4.375,-7.7169,76.6,89,100,4.38
551,Kant,IN,2022-04-17 02:31:59,27.8,79.8,92.05,11,0,0.72
552,North Bend,US,2022-04-17 02:32:00,43.4065,-124.2243,48.11,77,75,10.36
553,Bracebridge,CA,2022-04-17 02:27:58,45.0334,-79.3163,29.34,64,0,10.36
554,Eirunepe,BR,2022-04-17 02:32:00,-6.6603,-69.8736,73.09,95,84,2.24
555,Lasa,IT,2022-04-17 02:32:01,46.6166,10.7002,41.88,63,11,6.15
556,Pangai,TO,2022-04-17 02:32:01,-19.8,-174.35,81.82,76,86,8.12
557,Abu Samrah,SY,2022-04-17 02:32:01,35.3029,37.1841,57.27,40,2,3.96
558,Aktash,RU,2022-04-17 02:32:02,50.3,87.7333,38.55,33,0,5.1
559,Boulder City,US,2022-04-17 02:32:02,35.9786,-114.8325,74.62,17,0,10.36
560,Gornyy,RU,2022-04-17 02:32:02,55.1153,83.9059,49.26,61,97,11.59
561,Kaeo,NZ,2022-04-17 02:32:03,-35.1,173.7833,68.32,78,100,19.64
562,Berlevag,NO,2022-04-17 02:32:03,70.8578,29.0864,37.2,88,100,29.66
563,Ulaanbaatar,MN,2022-04-17 02:32:03,47.9077,106.8832,42.93,26,0,2.24
564,Adrar,MR,2022-04-17 02:33:03,20.5022,-10.0711,74.86,15,0,12.08
565,Verkhnyaya Toyma,RU,2022-04-17 02:33:04,62.2349,44.9985,25.14,94,38,3.65
566,Maues,BR,2022-04-17 02:33:04,-3.3836,-57.7186,73.42,98,97,1.61
567,Aksu,CN,2022-04-17 02:33:04,41.1231,80.2644,60.49,11,82,10.18
568,Aksarka,RU,2022-04-17 02:33:05,66.5606,67.7975,14.79,89,100,3.29
569,Puerto Penasco,MX,2022-04-17 02:33:05,31.3167,-113.5333,70.92,81,0,5.97
570,Gucheng,CN,2022-04-17 02:33:05,35.9115,111.3192,63.27,29,96,7.76
571,Svobodnyy,RU,2022-04-17 02:33:06,51.4,128.1333,43.93,39,30,15.12
572,Brokopondo,SR,2022-04-17 02:33:06,4.75,-55.1667,75.07,90,98,8.7
573,Mirandopolis,BR,2022-04-17 02:33:06,-21.1336,-51.1017,58.46,76,0,7.58
574,Tumpat,MY,2022-04-17 02:33:07,6.1978,102.171,87.78,70,20,6.91
575,Vitim,RU,2022-04-17 02:33:07,59.4511,112.5578,32.79,98,100,9.4
576,Mountain Home,US,2022-04-17 02:33:07,43.133,-115.6912,47.68,93,40,29.93
577,Vallenar,CL,2022-04-17 02:30:24,-28.5708,-70.7581,60.49,64,0,0.27
578,Maloy,NO,2022-04-17 02:33:08,61.9353,5.1136,43.74,71,98,10.83
579,Moerai,PF,2022-04-17 02:33:08,-22.4333,-151.3333,80.29,68,5,3.91
580,Camacha,PT,2022-04-17 02:33:08,33.0833,-16.3333,60.22,82,20,14.97
581,Saint-Leu,RE,2022-04-17 02:33:09,-21.15,55.2833,72.43,75,6,0.92
582,Leningradskiy,RU,2022-04-17 02:33:09,69.3833,178.4167,14.81,89,94,7.85
583,Maple Creek,CA,2022-04-17 02:33:09,49.9168,-109.4848,33.85,60,100,10.36
584,Micheweni,TZ,2022-04-17 02:33:10,-4.9667,39.8333,79.03,84,100,12.97
585,Ketchikan,US,2022-04-17 02:33:10,55.3422,-131.6461,50.47,23,20,6.91
586,Makakilo City,US,2022-04-17 02:33:10,21.3469,-158.0858,80.92,64,0,14.97
